treatment_effect_hat,standard_error_HC3,ci_lower,ci_upper,ci_length,covered,n_selected_outcome_controls,n_selected_treatment_controls,lasso_penalty,outcome_lasso_penalty,treatment_lasso_penalty
2.033493576425087,0.08544160251756462,1.8660311127092737,2.2009560401409005,0.33492492743162683,1,26,23,0.24671461346746754,0.24671461346746754,0.10438914709446845
2.0595536369732046,0.06778998938309522,1.9266876992699853,2.192419574676424,0.2657318754064386,1,19,31,0.25525525389801146,0.25525525389801146,0.07454100598721748
2.0616027641162202,0.06924470572639234,1.925885634772417,2.1973198934600235,0.2714342586876066,1,23,17,0.2304646003964458,0.2304646003964458,0.11657240525334153
2.0275525831735686,0.07146124831328815,1.8874911101892502,2.167614056157887,0.28012294596863696,1,24,22,0.2106806898548939,0.2106806898548939,0.1052519218011492
2.039037279116285,0.07558309378637869,1.8908971374548698,2.1871774207777004,0.29628028332283063,1,19,26,0.22491334922988263,0.22491334922988263,0.08549467882384194
1.8375060275786823,0.07343060317537856,1.6935846899918878,1.9814273651654768,0.28784267517358897,0,15,19,0.2052394541135275,0.2052394541135275,0.09794267724813789
1.9249400391710758,0.059513401691604205,1.8082959152580664,2.041584163084085,0.23328824782601876,1,22,16,0.21829168537814148,0.21829168537814148,0.1245742647872491
2.0482003083199674,0.0792947298784922,1.8927854935942905,2.203615123045644,0.3108296294513535,1,32,22,0.17172133471661805,0.17172133471661805,0.07564067398703576
2.085065151118541,0.0666295865975984,1.9544735610824553,2.2156567411546266,0.26118318007217134,1,20,23,0.22801376060792752,0.22801376060792752,0.10199274291735737
2.0202098694404427,0.05594937238574913,1.9105511146067546,2.1298686242741307,0.21931750966737606,1,23,21,0.18414822174981027,0.18414822174981027,0.08703780965821176
1.9045276292088977,0.0821804878691855,1.7434568327533633,2.065598425664432,0.3221415929110689,1,26,24,0.2660467493038908,0.2660467493038908,0.10087398075149691
2.211922180292695,0.08678276437671947,2.041831087635499,2.382013272949891,0.3401821853143918,0,15,28,0.29889514863457506,0.29889514863457506,0.07415070475791988
1.8088046381870204,0.09401316491590635,1.6245422208792193,1.9930670554948215,0.36852483461560226,0,25,25,0.2219009823881419,0.2219009823881419,0.11244379217956449
2.0429310027829324,0.0558058668883163,1.9335535135557962,2.152308492010069,0.2187549784542726,1,21,19,0.2319307001825889,0.2319307001825889,0.10219156201342422
1.9755352227970406,0.06516228642036766,1.8478194882628367,2.1032509573312446,0.25543146906840786,1,22,18,0.28071194736368016,0.28071194736368016,0.11680470844155863
1.4646959492457305,0.06253536589326379,1.342128884334899,1.587263014156562,0.24513412982166294,0,65,27,0.09675618537267294,0.09675618537267294,0.08690471463996591
2.0502600478034427,0.0757763244477617,1.9017411810050078,2.1987789146018777,0.2970377335968699,1,21,24,0.25636563701753495,0.25636563701753495,0.12245762276116147
1.703334633835339,0.0695462953392817,1.567026399712161,1.839642867958517,0.2726164682463561,0,30,22,0.14379911328817055,0.14379911328817055,0.1027209497515687
1.8896003776826924,0.06974409696755143,1.7529044594920224,2.0262962958733626,0.2733918363813401,1,71,69,0.0887169078809279,0.0887169078809279,0.03727338079759809
2.055344547178368,0.09877014809097565,1.8617586141723679,2.2489304801843675,0.3871718660119996,1,29,45,0.17246826988639646,0.17246826988639646,0.0581392581857044
2.102016193931681,0.0880008316600746,1.9295377332683625,2.2744946545949993,0.3449569213266368,1,22,19,0.19924318087909276,0.19924318087909276,0.08194027887923068
1.9431886496035382,0.0664561057001967,1.8129370758783656,2.073440223328711,0.2605031474503452,1,16,16,0.2453368363066908,0.2453368363066908,0.1084440636981313
1.9851588975681178,0.07749286574409034,1.833275671650903,2.1370421234853327,0.30376645183442963,1,21,31,0.2111548675920567,0.2111548675920567,0.08078653709097859
1.894748788776409,0.07957122770837359,1.7387920482623611,2.0507055292904566,0.31191348102809546,1,43,33,0.13335162078358093,0.13335162078358093,0.06632590020300436
2.2973806710255618,0.07603574613537091,2.148353347062604,2.4464079949885194,0.2980546479259152,0,28,39,0.19473481396287803,0.19473481396287803,0.0647490409716321
2.501055738520442,0.08360212774009132,2.337198579118946,2.6649128979219383,0.3277143188029923,0,25,52,0.22985807228585559,0.22985807228585559,0.05331540390531394
1.9504689501281949,0.06683385713112765,1.8194769972032891,2.0814609030531006,0.26198390584981146,1,30,22,0.16329267337050776,0.16329267337050776,0.08892628034413536
1.9958446524408135,0.08167488515445324,1.83576481909664,2.155924485784987,0.32015966668834706,1,23,28,0.19347446072745234,0.19347446072745234,0.08027518295305609
2.092616203309799,0.0754284152176742,1.9447792260722245,2.240453180547373,0.29567395447514855,1,25,24,0.25207440611614385,0.25207440611614385,0.13551218659630804
1.9886348248692447,0.07528256706137582,1.8410837047652266,2.1361859449732625,0.2951022402080359,1,22,20,0.23518728777806253,0.23518728777806253,0.10447154038540302
1.9149217866357013,0.06901411433338993,1.7796566081173275,2.050186965154075,0.27053035703674744,1,31,20,0.18885904232385833,0.18885904232385833,0.09596599247378326
1.8692645401634058,0.06536673710414913,1.7411480896523754,1.9973809906744362,0.25623290102206076,0,28,30,0.20826502699338845,0.20826502699338845,0.09747907739239846
1.9488362807538269,0.07511110171445952,1.8016212265543614,2.0960513349532923,0.2944301083989309,1,15,21,0.27278861149943506,0.27278861149943506,0.09224778381312158
1.9978037975739733,0.06892329643262478,1.8627166188702509,2.1328909762776957,0.2701743574074449,1,25,16,0.18500752032486883,0.18500752032486883,0.09468946637417572
2.2885724749295653,0.06885719470830083,2.1536148532248336,2.423530096634297,0.2699152434094634,0,27,37,0.20973360086813522,0.20973360086813522,0.06901040245849556
1.9263183160412676,0.07620180993640144,1.7769655130091544,2.0756711190733808,0.29870560606422636,1,29,29,0.1806047016276609,0.1806047016276609,0.08555752448044367
2.2053036985316625,0.0941398947377489,2.0207928953372827,2.3898145017260424,0.3690216063887597,0,32,54,0.16901686320771,0.16901686320771,0.05151504697951058
2.122325461404386,0.0740890466879328,1.977113598247131,2.2675373245616406,0.2904237263145095,1,19,18,0.2752303677517817,0.2752303677517817,0.12258976943824713
2.0264657970508857,0.07418941959892086,1.8810572066030709,2.1718743874987005,0.2908171808956297,1,17,16,0.24173391605967656,0.24173391605967656,0.1062261976133945
2.007146698990421,0.0657891433297523,1.878202347490363,2.1360910504904793,0.25788870300011624,1,26,25,0.2031531714110817,0.2031531714110817,0.09767585577102784
2.169831206184737,0.07547208119120315,2.0219086452116963,2.317753767157778,0.2958451219460816,0,28,27,0.21851717690726713,0.21851717690726713,0.0955417978383398
2.0760773108116704,0.0755416619352549,1.9280183740862704,2.22413624753707,0.29611787345079965,1,18,22,0.36186845649282207,0.36186845649282207,0.10383061525124855
2.111702662979872,0.0680982037719262,1.978232636175027,2.245172689784717,0.26694005360969,1,22,29,0.2174499237335412,0.2174499237335412,0.07317526385622163
2.3359723496372133,0.07534977153995376,2.188289511175583,2.483655188098844,0.2953656769232609,0,28,57,0.18605679796152497,0.18605679796152497,0.05347679846083383
2.043859398658986,0.08965208123638518,1.8681445482966121,2.21957424902136,0.351429700724748,1,24,27,0.21908614717753735,0.21908614717753735,0.0783490917883426
1.9474454444355085,0.06731628997689193,1.8155079405079457,2.0793829483630715,0.26387500785512574,1,20,20,0.22025344551942902,0.22025344551942902,0.10263960629615652
2.1845445922253255,0.07972891446185536,2.0282787913536144,2.3408103930970365,0.3125316017434221,0,27,46,0.23124831870587917,0.23124831870587917,0.06308431816123494
1.8914045611458818,0.06505588635639306,1.7638973669050209,2.018911755386743,0.2550143884817222,1,35,23,0.16750646770771394,0.16750646770771394,0.12137114051668309
1.7789417683334998,0.06896494958927865,1.6437729509428933,1.9141105857241063,0.270337634781213,0,49,39,0.11894918570744421,0.11894918570744421,0.0654894212046912
2.0416754584240326,0.08354954897474007,1.8779213515089768,2.2054295653390885,0.32750821383011175,1,19,18,0.19493579722178878,0.19493579722178878,0.09690254609543428
2.0056162885046818,0.07244610645104815,1.8636245290404725,2.147608047968891,0.28398351892841855,1,27,28,0.24749193240940237,0.24749193240940237,0.11760366551438343
1.9174916075299606,0.07834793373937396,1.7639324791376572,2.071050735922264,0.3071182567846069,1,13,17,0.2576955638373618,0.2576955638373618,0.11168692195338593
1.9441144463725644,0.08196679563130048,1.7834624790070603,2.1047664137380684,0.32130393473100805,1,39,47,0.13657875299002836,0.13657875299002836,0.059511023810963105
2.1104292394238637,0.07856853389713025,1.956437742667374,2.2644207361803534,0.3079829935129794,1,22,23,0.1945701209504265,0.1945701209504265,0.08023265788024887
2.0805354824765523,0.07029086134006576,1.9427679258077246,2.21830303914538,0.27553511333765535,1,15,16,0.278776716633245,0.278776716633245,0.12098140582796102
1.7366724006037173,0.06433379813404118,1.6105804732723263,1.8627643279351083,0.2521838546627819,0,62,47,0.09696540594209015,0.09696540594209015,0.057058002310048414
2.4315642240557365,0.11767279244725978,2.2009297888988506,2.6621986592126223,0.46126887031377173,0,29,65,0.1840808853133648,0.1840808853133648,0.04333258553345074
2.1424740625593186,0.07209703810307797,2.001166464485274,2.2837816606333634,0.2826151961480896,0,26,31,0.24678551236814136,0.24678551236814136,0.09608503014403914
1.9291535789808962,0.06464572976622672,1.802450276884783,2.0558568810770095,0.2534066041922265,1,15,18,0.24666379566397711,0.24666379566397711,0.11472898571662182
2.048531428107167,0.06719778208802003,1.9168261953736772,2.180236660840657,0.26341046546698,1,15,12,0.2745880466238051,0.2745880466238051,0.11934636236983803
1.9194991879039773,0.0667988197845201,1.7885759069165363,2.0504224688914183,0.261846561974882,1,22,23,0.25111823545508727,0.25111823545508727,0.11840811308236734
1.9314945592070036,0.07457707411686378,1.7853261798655764,2.077662938548431,0.2923367586828547,1,17,16,0.22226184941553667,0.22226184941553667,0.12208435216403318
1.9697445759200616,0.07042258580673559,1.8317188440406782,2.107770307799445,0.27605146375876677,1,31,33,0.20535720309420905,0.20535720309420905,0.09687947723923687
1.9103197734858914,0.0773184084497906,1.7587784775823445,2.0618610693894386,0.30308259180709407,1,23,24,0.23589411102445287,0.23589411102445287,0.115494430902566
2.051153712935928,0.06527820924529411,1.9232107738398818,2.1790966520319737,0.25588587819209185,1,23,24,0.24987535327293292,0.24987535327293292,0.11845418891641672
1.928466146567906,0.07231369542188723,1.7867339079520081,2.070198385183804,0.2834644772317958,1,19,20,0.22424287276728042,0.22424287276728042,0.09751808393395484
2.0177161062696514,0.08318731941678752,1.8546719562423184,2.1807602562969843,0.32608830005466594,1,26,33,0.18315659104328222,0.18315659104328222,0.06428516030761659
2.129178977590377,0.06554364009651138,2.0007158035855594,2.2576421515951948,0.2569263480096353,0,24,22,0.21941356087224578,0.21941356087224578,0.09709637411816073
1.96578111920459,0.08940502933189813,1.7905504816773226,2.1410117567318574,0.35046127505453484,1,27,26,0.2063619480940727,0.2063619480940727,0.09164322883359667
1.9029549234004626,0.07194416019273465,1.7619469605247224,2.0439628862762027,0.28201592575148027,1,27,17,0.20433539000544942,0.20433539000544942,0.11698098492018069
2.0085177577568682,0.06693453212788378,1.877328485464177,2.1397070300495598,0.2623785445853828,1,27,17,0.20422451431634933,0.20422451431634933,0.1029039942162374
2.2886021676802946,0.0838013517725672,2.124354536350291,2.452849799010298,0.32849526266000684,0,20,36,0.2731711276502409,0.2731711276502409,0.06827077317204559
1.978930345820325,0.08616306758052447,1.8100538365650063,2.1478068550756437,0.33775301851063744,1,30,45,0.15670085102491657,0.15670085102491657,0.05976981427979966
1.971604547726666,0.06657232818549645,1.841125182116112,2.1020839133372196,0.26095873122110747,1,18,17,0.24705931462629663,0.24705931462629663,0.11026592890308948
1.9052398269483177,0.08388152242253369,1.7408350640317627,2.0696445898648728,0.3288095258331101,1,36,27,0.161723144183561,0.161723144183561,0.08280854604369477
1.9909414521420805,0.07199877802747082,1.8498264402773439,2.132056464006817,0.28223002372947303,1,24,23,0.2434258214273704,0.2434258214273704,0.1083086201193875
1.8933518654900607,0.08163723485511218,1.733345825376603,2.0533579056035185,0.3200120802269155,1,25,24,0.2165600060287265,0.2165600060287265,0.10888207319491293
2.427411671520197,0.11027421173008126,2.2112781881056933,2.6435451549347007,0.43226696682900734,0,11,57,0.27376045175468194,0.27376045175468194,0.045560670653332365
1.9931713270515266,0.07176723026447233,1.8525101404629678,2.133832513640085,0.2813223731771173,1,22,14,0.19055359546464157,0.19055359546464157,0.11079923775438198
1.9493490094376773,0.07324013835603746,1.8058009760371132,2.092897042838241,0.287096066801128,1,22,28,0.22486991206256748,0.22486991206256748,0.08658767298301295
1.9420357676474145,0.06896758439659917,1.8068617861293534,2.0772097491654753,0.27034796303612185,1,20,17,0.23024656880294145,0.23024656880294145,0.1027403853860756
2.0317085075138244,0.055125314023342406,1.9236648773916125,2.1397521376360364,0.21608726024442393,1,18,16,0.27118806099025616,0.27118806099025616,0.11890235916383704
1.947576714745526,0.06319100016973074,1.8237246302657895,2.071428799225263,0.24770416895947345,1,16,19,0.2672428609680173,0.2672428609680173,0.11867140115395351
1.8514739662775643,0.07047181962107954,1.7133517378952452,1.9895961946598835,0.27624445676463827,0,39,40,0.1375757239663927,0.1375757239663927,0.06777734149324907
2.036308536081842,0.07672822925892257,1.8859239701368213,2.1866931020268625,0.3007691318900412,1,19,22,0.2162730899087148,0.2162730899087148,0.10177934498708609
2.020505163008722,0.0658533601357269,1.8914349488817517,2.1495753771356925,0.2581404282539408,1,23,21,0.2582799912637089,0.2582799912637089,0.1054681166519146
2.0586482632778225,0.08798348245905932,1.8862038064236546,2.2310927201319903,0.34488891370833574,1,17,15,0.24736894713697033,0.24736894713697033,0.0871366342865753
2.093882876539445,0.06684991381290868,1.962859453096537,2.2249062999823526,0.2620468468858155,1,22,21,0.21579339452827204,0.21579339452827204,0.09515691002209872
1.8998064228634002,0.0812638780128734,1.7405321487141119,2.0590806970126883,0.3185485482985764,1,22,26,0.22014971398393796,0.22014971398393796,0.10182742731139231
1.9926473601659203,0.06688193499599958,1.861561176357412,2.1237335439744287,0.2621723676170167,1,14,17,0.2568975058200417,0.2568975058200417,0.10647477811611485
2.030662810699096,0.0719836130963285,1.8895775215532262,2.1717480998449656,0.2821705782917394,1,18,26,0.21051695489020003,0.21051695489020003,0.10085624009720844
1.535329899151118,0.0635749721516117,1.4107252434158222,1.6599345548864137,0.24920931147059155,0,43,11,0.1270409010679526,0.1270409010679526,0.13084424624638524
2.1189178330654856,0.06536375160749855,1.9908072340203664,2.247028432110605,0.25622119809023847,1,27,23,0.2432882851753158,0.2432882851753158,0.09239313849329844
1.9655637890951185,0.0724538552761273,1.8235568422128317,2.107570735977405,0.28401389376457353,1,59,61,0.11714853423075146,0.11714853423075146,0.05089788882342098
2.40618771378334,0.09414064370158058,2.221675442646825,2.5906999849198553,0.3690245422730305,0,41,64,0.1468262320986481,0.1468262320986481,0.03980603819057527
2.1623811569474056,0.08312701107338746,1.999455209101104,2.3253071047937075,0.32585189569260353,1,35,44,0.16300345581490816,0.16300345581490816,0.0584563107343277
2.049608570946943,0.07849177333124982,1.895767522135012,2.2034496197588744,0.30768209762386234,1,24,34,0.23743850805558317,0.23743850805558317,0.08412633766919021
1.8304336601001943,0.08303813126638346,1.6676819134745733,1.9931854067258152,0.32550349325124195,0,39,29,0.1494061994356328,0.1494061994356328,0.1008461523640353
2.0567702649997655,0.05557898348853638,1.9478374590648877,2.165703070934643,0.2178656118697555,1,21,22,0.3001595021284215,0.3001595021284215,0.1401283302609845
2.051679243819218,0.06627754522704186,1.9217776421904915,2.181580845447945,0.2598032032574533,1,18,26,0.24226479679895424,0.24226479679895424,0.08178928584045965
2.000940532502784,0.07707506336048948,1.849876184210082,2.152004880795486,0.3021286965854042,1,24,23,0.18615904321739177,0.18615904321739177,0.08268466893241576
1.8542638309407673,0.08307846515224603,1.6914330313514991,2.0170946305300355,0.3256615991785363,1,38,39,0.12724054483033462,0.12724054483033462,0.06096110160567402
1.936026324944176,0.07239707954547173,1.7941306564491701,2.077921993439182,0.2837913369900118,1,21,20,0.22908663970158108,0.22908663970158108,0.11489990060098082
2.3828735283948417,0.09447066318636493,2.1977144309539525,2.568032625835731,0.3703181948817784,0,26,46,0.20097435252047538,0.20097435252047538,0.058726655863737064
2.0568356873293903,0.0857049731649885,1.888857026630041,2.2248143480287395,0.3359573213986984,1,44,38,0.16278126587658912,0.16278126587658912,0.06794724737478346
2.0782231480722357,0.07159815666697805,1.9378933396455025,2.218552956498969,0.28065961685346674,1,14,12,0.2734272826913292,0.2734272826913292,0.1195658174470524
2.0902434489950448,0.08421441694123066,1.9251862248111928,2.2553006731788967,0.33011444836770387,1,42,45,0.1379859650844519,0.1379859650844519,0.05680441580037346
2.0440874759330914,0.07659747812083542,1.8939591775096591,2.1942157743565236,0.30025659684686445,1,22,20,0.24211111154594772,0.24211111154594772,0.1003276007062211
2.1841401817226025,0.08891011093573706,2.009879566427097,2.358400797018108,0.34852123059101103,0,13,15,0.2583380165793781,0.2583380165793781,0.10481036687254783
2.2848501578024427,0.08403870273882244,2.120137327126883,2.4495629884780024,0.3294256613511193,0,18,38,0.28910972852996736,0.28910972852996736,0.06171534414301358
1.9396767403134532,0.07643725542421533,1.7898624726049022,2.089491008022004,0.299628535417102,1,34,27,0.1535207016427611,0.1535207016427611,0.07902214296488838
2.154668033739469,0.0884549369766414,1.9812995430104916,2.3280365244684464,0.34673698145795484,1,24,25,0.22798519097007744,0.22798519097007744,0.0812575188433186
1.9966557086469865,0.05999684734976752,1.8790640486554948,2.114247368638478,0.23518331998298336,1,14,19,0.27929737640865654,0.27929737640865654,0.11403278748520251
1.973949427528419,0.07592986474110196,1.8251296272848614,2.1227692277719767,0.29763960048711535,1,29,29,0.17561450939031356,0.17561450939031356,0.07719473667868526
1.9747815276566885,0.07370580302039079,1.830320808285119,2.119242247028258,0.28892143874313914,1,28,17,0.19456535325907742,0.19456535325907742,0.12868975575476332
1.6727606435329792,0.06480836317824185,1.5457385858066333,1.799782701259325,0.2540441154526918,0,37,13,0.1434701357891126,0.1434701357891126,0.11714838768485408
1.9216752172501486,0.07374083411733932,1.777145838190221,2.066204596310076,0.28905875811985493,1,33,24,0.15809642602618537,0.15809642602618537,0.08178642992075344
2.0360235111354976,0.08039755155793682,1.8784472056367394,2.193599816634256,0.3151526109975167,1,25,27,0.22983317214741047,0.22983317214741047,0.08340067831364197
2.1178375472615114,0.06380278194174707,1.9927863925422247,2.242888701980798,0.2501023094385735,1,26,27,0.3470930178217186,0.3470930178217186,0.13617703332659548
1.791991787032625,0.08302279708894555,1.6292700948425147,1.9547134792227352,0.32544338438022047,0,35,33,0.1324618216278131,0.1324618216278131,0.06359323944691596
1.9156404636834723,0.07299785491564798,1.772567297100122,2.0587136302668223,0.28614633316670024,1,19,23,0.21458644869142882,0.21458644869142882,0.09414937399725118
2.0434003863887207,0.08539163256671677,1.8760358619768782,2.210764910800563,0.3347290488236849,1,23,31,0.2278634403321281,0.2278634403321281,0.08094150627427082
2.170720609043903,0.07774564996324185,2.0183419351612915,2.3230992829265147,0.30475734776522323,0,24,30,0.23539332474783856,0.23539332474783856,0.07894994898355599
1.9730789410821266,0.07710956499157616,1.8219469708350866,2.1242109113291665,0.3022639404940799,1,28,27,0.17485481690117605,0.17485481690117605,0.0829657698835421
1.9910671778544708,0.07401251229035083,1.8460053193600552,2.1361290363488865,0.2901237169888313,1,19,21,0.23979904169630273,0.23979904169630273,0.08634825762124768
1.8767784054537895,0.07050163271782389,1.738597744475584,2.014959066431995,0.27636132195641117,1,23,17,0.19622398442901562,0.19622398442901562,0.13393523945558253
2.0011930532085676,0.07134422335940172,1.861360944919159,2.1410251614979763,0.27966421657881724,1,21,17,0.277722609230094,0.277722609230094,0.1000709041176906
2.689408048565557,0.11747383248091983,2.459163567777063,2.9196525293540514,0.4604889615769885,0,21,60,0.22735281358659437,0.22735281358659437,0.040683942365119914
1.98293016566761,0.06948414900490624,1.846743736121579,2.1191165952136406,0.27237285909206155,1,16,21,0.25027312208352337,0.25027312208352337,0.11242663229056424
2.051603705840043,0.06841023059817002,1.9175221176935497,2.1856852939865363,0.2681631762929866,1,23,21,0.23057929526754053,0.23057929526754053,0.10254701309992457
1.9716106289695425,0.06468655083540639,1.8448273190480267,2.0983939388910584,0.25356661984303175,1,22,21,0.258964399101415,0.258964399101415,0.0998330947594156
2.0442273220294194,0.07616905874581216,1.894938710151312,2.193515933907527,0.298577223756215,1,19,19,0.2201310531625013,0.2201310531625013,0.09765655436106922
1.9037541261470934,0.08270241483917193,1.7416603716278254,2.0658478806663614,0.324187509038536,1,24,24,0.1658354056897362,0.1658354056897362,0.07307040497851944
2.0207782611210403,0.07429357832262955,1.8751655233260807,2.166390998916,0.2912254755899193,1,16,28,0.22408390607115936,0.22408390607115936,0.08460030240222145
1.9268702205295776,0.09642544708768484,1.7378798170445426,2.1158606240146125,0.37798080697006986,1,24,22,0.2033114141341307,0.2033114141341307,0.10436931943154996
2.1221803302476387,0.0680864112245627,1.9887334164109123,2.255627244084365,0.26689382767345293,1,15,19,0.2679690128617037,0.2679690128617037,0.12015005142811362
2.1440872127515287,0.0768429580876631,1.993477782434188,2.2946966430688693,0.3012188606346813,1,19,24,0.25196953238696546,0.25196953238696546,0.0965151049434042
2.227843241789528,0.07178419397313912,2.0871488069429383,2.3685376766361177,0.28138886969317944,0,52,52,0.12534456867277524,0.12534456867277524,0.04804308250132663
2.077309652307473,0.08310471781526549,1.9144273984441884,2.2401919061707574,0.32576450772656895,1,34,32,0.1731609372372385,0.1731609372372385,0.07068241977455177
1.9495958520444365,0.05255801496517549,1.8465840356137755,2.0526076684750976,0.20602363286132208,1,29,20,0.18896760528907275,0.18896760528907275,0.11203064532021381
2.0959537173754597,0.0791326692964307,1.940856535553937,2.2510508991969824,0.31019436364304553,1,17,32,0.2583055805031161,0.2583055805031161,0.07050647348184731
1.9822129361703325,0.06588560407590278,1.8530795250818977,2.1113463472587672,0.2582668221768696,1,32,31,0.18457289869092555,0.18457289869092555,0.08780054828359507
2.043625678242732,0.08156772616908939,1.8837558726504913,2.2034954838349723,0.319739611184481,1,17,22,0.28148511349039373,0.28148511349039373,0.12266416297562084
1.9668906553049303,0.06217234821979995,1.8450350919598395,2.088746218650021,0.2437111266901817,1,40,36,0.1807759391417208,0.1807759391417208,0.07851414067657782
2.142526559447731,0.08674109462215346,1.9725171380087292,2.3125359808867327,0.34001884287800355,1,21,27,0.2549948234033924,0.2549948234033924,0.07986236314773784
2.0451028329293104,0.0646784022616303,1.918335493918921,2.1718701719396996,0.25353467802077856,1,23,26,0.1913847625617195,0.1913847625617195,0.08432432814159593
1.4438222689780043,0.06595614870102953,1.314550592965018,1.5730939449909904,0.25854335202597234,0,71,32,0.08407570176175898,0.08407570176175898,0.08671466107983336
2.092043439694927,0.06869742902001967,1.9573989529851916,2.2266879264046624,0.2692889734194708,1,17,25,0.19605554644114426,0.19605554644114426,0.07571908468708526
2.2942777957594003,0.09907383285673338,2.100096651549862,2.4884589399689387,0.38836228841907694,0,25,32,0.26441687091946353,0.26441687091946353,0.07257531236416585
2.0812849240125413,0.07156985077064433,1.9410105941231721,2.2215592539019102,0.2805486597787381,1,23,24,0.25144363292902916,0.25144363292902916,0.1178523587680804
1.988641083806412,0.08122301932679067,1.8294468912103015,2.1478352764025224,0.3183883851922209,1,16,30,0.24089341080823118,0.24089341080823118,0.06140670376566486
1.8925678645513306,0.06457294608177776,1.7660072158553994,2.019128513247262,0.2531212973918624,1,22,20,0.22642339687413238,0.22642339687413238,0.10696304011517524
1.9995429511998293,0.06254999705348217,1.8769472097419178,2.122138692657741,0.24519148291582327,1,19,20,0.2580171776595649,0.2580171776595649,0.11392212066822933
2.1885761713905563,0.0713968821276675,2.0486408538118765,2.328511488969236,0.27987063515735944,0,21,20,0.2841982566163485,0.2841982566163485,0.10904715465492133
1.9671041122156332,0.06749451683176098,1.8348172900714492,2.099390934359817,0.26457364428836794,1,24,28,0.20844640301760478,0.20844640301760478,0.07339591334051104
1.5922003694547766,0.05556991796038578,1.483285331628575,1.7011154072809782,0.2178300756524032,0,64,15,0.11052983138419893,0.11052983138419893,0.09867382156097361
1.583354844784924,0.06483947379366942,1.4562718113728033,1.7104378781970446,0.25416606682424137,0,60,25,0.1191530476390048,0.1191530476390048,0.1278081632416902
1.8906708089448552,0.0720357988561828,1.7494832375891654,2.031858380300545,0.28237514271137965,1,26,24,0.24199689095376534,0.24199689095376534,0.10668979517809275
2.022557551224036,0.0759500004695007,1.8736982856780147,2.1714168167700576,0.29771853109204294,1,28,23,0.19226931142112974,0.19226931142112974,0.09736967257216624
1.8443269338821064,0.06559146268832393,1.715770029319689,1.972883838444524,0.25711380912483506,0,32,29,0.2102056723176584,0.2102056723176584,0.10611557715313621
2.144495886345448,0.08174090860736846,1.984286649411426,2.3047051232794704,0.32041847386804445,1,25,26,0.23088806149333202,0.23088806149333202,0.09529627688992692
2.264838205779232,0.08896866427097821,2.0904628280554793,2.4392135835029847,0.34875075544750533,0,29,42,0.15796869098872537,0.15796869098872537,0.05490152400331669
2.056451388947761,0.07411856948065604,1.9111816621800457,2.201721115715477,0.2905394535354311,1,24,22,0.2687345790132048,0.2687345790132048,0.11976814446563908
2.040169381800368,0.0673226651475266,1.9082193827679659,2.17211938083277,0.26389999806480424,1,26,25,0.24734767298786614,0.24734767298786614,0.11648835412725025
1.9585388344721273,0.06447972704652362,1.8321608917279677,2.0849167772162867,0.25275588548831895,1,20,19,0.20839415600108263,0.20839415600108263,0.0930511062865336
1.993676285831484,0.0703839465103202,1.855726285581463,2.1316262860815054,0.2759000005000425,1,26,23,0.21092684188847707,0.21092684188847707,0.09394872295283693
1.8965632419208482,0.06457281943695224,1.770002841444214,2.0231236423974828,0.25312080095326883,1,27,29,0.2658780971481583,0.2658780971481583,0.10225936450690955
1.9398528536748612,0.07788555517082825,1.7871999706241304,2.0925057367255917,0.3053057661014613,1,17,15,0.24176962300581614,0.24176962300581614,0.10516325800875255
1.8955033653530324,0.06750499851940514,1.7631959994785686,2.027810731227496,0.26461473174892736,1,18,15,0.2451414771369539,0.2451414771369539,0.13288974662718356
1.992021526561961,0.07503455451197065,1.844956502122491,2.139086551001431,0.29413004887894,1,17,21,0.2593656259867752,0.2593656259867752,0.11320541839796752
2.32547443642574,0.10472638589632847,2.1202144918378925,2.530734381013587,0.4105198891756947,0,20,39,0.26730193376923794,0.26730193376923794,0.06240835376018437
2.2238043674435053,0.09610292197325093,2.0354461015668703,2.4121626333201402,0.3767165317532699,0,19,43,0.2366831506229303,0.2366831506229303,0.06394676083582522
2.0415607474157325,0.0750410074693603,1.894483075412185,2.18863841941928,0.29415534400709475,1,31,28,0.17857658692835843,0.17857658692835843,0.07946223287479563
1.9599165799311153,0.06683184488053842,1.8289285709448924,2.090904588917338,0.26197601797244574,1,27,22,0.1884969241906464,0.1884969241906464,0.08879969465549595
2.075134484318963,0.07173280124515634,1.9345407773682866,2.215728191269639,0.2811874139013526,1,27,26,0.20231330421245086,0.20231330421245086,0.08846149426914085
2.4974988429499567,0.09308989342572693,2.31504600451086,2.6799516813890536,0.36490567687819375,0,26,50,0.2278200367208517,0.2278200367208517,0.05367795047881325
2.148424660411057,0.0739042532284938,2.003574985778881,2.2932743350432325,0.28969934926435137,0,22,24,0.25094352265139686,0.25094352265139686,0.09778283300027144
2.0113032402969226,0.05863574395662544,1.8963792939352246,2.1262271866586206,0.229847892723396,1,23,24,0.24891306776660968,0.24891306776660968,0.11928455271099264
2.059825877498391,0.0660558415621873,1.9303588070680198,2.189292947928762,0.2589341408607424,1,20,19,0.26793092878016284,0.26793092878016284,0.10337875274906816
2.2545342404439843,0.07018845121358297,2.116967403934715,2.392101076953254,0.27513367301853897,0,27,36,0.23922027668046322,0.23922027668046322,0.0692229631998924
2.02386097652652,0.07980580236033442,1.867444478142943,2.1802774749100973,0.31283299676715437,1,46,43,0.12116962058952736,0.12116962058952736,0.05410405533073142
1.9194172276003294,0.08903258198867511,1.7449165734519168,2.0939178817487423,0.3490013082968255,1,17,24,0.2349355742752912,0.2349355742752912,0.10512058878645626
2.066132655142197,0.07813090144640467,1.9129989022275955,2.2192664080567988,0.30626750582920326,1,21,26,0.22163809417006533,0.22163809417006533,0.09732112893162807
3.2026458697682814,0.15073371623834642,2.907213214685242,3.4980785248513206,0.5908653101660786,0,28,89,0.1884942582667038,0.1884942582667038,0.027125763950668298
2.0907550836462705,0.06816619387885971,1.9571517986805307,2.2243583686120103,0.2672065699314796,1,16,17,0.27458730565880685,0.27458730565880685,0.11330873119081279
1.9606479736018314,0.06252963599565325,1.8380921390839517,2.0832038081197113,0.24511166903575954,1,28,18,0.1885985332481028,0.1885985332481028,0.11969363640863169
1.6951289466099806,0.07869418577518303,1.5408911766979176,1.8493667165220435,0.3084755398241259,0,30,23,0.14427689613788633,0.14427689613788633,0.09868802772590948
2.1643140011106805,0.09265853017197542,1.9827066191131908,2.34592138310817,0.36321476399497943,1,21,41,0.23011849456908978,0.23011849456908978,0.06230694583381823
1.919456664427217,0.07386733099440526,1.7746793560440834,2.0642339728103507,0.28955461676626726,1,17,20,0.221953762958968,0.221953762958968,0.10577762819728108
1.8733186650483895,0.07037910787678857,1.7353781483458246,2.011259181750954,0.2758810334051296,1,20,21,0.20574494130664353,0.20574494130664353,0.10471882863766631
1.8584430670363847,0.06562423711664855,1.7298219257748368,1.9870642082979326,0.2572422825230958,0,32,24,0.15045205153599092,0.15045205153599092,0.08884681815306784
2.0411881004828647,0.0796356898677065,1.8851050164581586,2.1972711845075708,0.3121661680494121,1,20,17,0.22256075741784384,0.22256075741784384,0.09857762568471469
1.9823429433285138,0.06057165053413111,1.8636246897974704,2.101061196859557,0.23743650706208674,1,23,24,0.20719874390690476,0.20719874390690476,0.09205199542798853
1.7647013230271213,0.06590961837584913,1.6355208447756777,1.893881801278565,0.25836095650288726,0,25,23,0.18483137361278926,0.18483137361278926,0.10021620427372856
2.0394952739611822,0.07182670425513382,1.89871752049291,2.1802730274294544,0.2815555069365443,1,23,32,0.21988701387345946,0.21988701387345946,0.07972230357658712
1.932668188220945,0.06452003482122964,1.8062112436900648,2.0591251327518254,0.2529138890617606,1,23,25,0.2356863910356099,0.2356863910356099,0.09718002176115054
2.0001046810684118,0.0738041251653251,1.8554512538338883,2.144758108302935,0.2893068544690467,1,25,32,0.2706655555873194,0.2706655555873194,0.08397419494490554
2.0190006454701384,0.06621137709527934,1.8892287309965905,2.148772559943686,0.2595438289470957,1,19,18,0.2471162128817428,0.2471162128817428,0.09419523171407683
1.939151312368494,0.05974488334819857,1.8220534927454781,2.05624913199151,0.23419563924603182,1,29,27,0.15826007330198105,0.15826007330198105,0.07948633558868987
1.9905874565790354,0.06428433126099357,1.8645924825372457,2.116582430620825,0.2519899480835792,1,12,9,0.27070475458952686,0.27070475458952686,0.1387527905889909
2.013437589364471,0.06028112969837849,1.8952887462082615,2.131586432520681,0.23629768631241954,1,25,24,0.23818422924365917,0.23818422924365917,0.11213328185416552
1.786639827173501,0.08645947130628852,1.6171823772908012,1.9560972770562006,0.33891489976539946,0,35,18,0.15118713343957094,0.15118713343957094,0.10671400133653151
2.1426314866801404,0.05934042367535139,2.0263263934491036,2.258936579911177,0.23261018646207354,0,17,17,0.3300741572613684,0.3300741572613684,0.14536577943331988
1.560533363857206,0.07488043520522214,1.4137704077082855,1.7072963200061266,0.2935259122978411,0,78,56,0.07092344152991456,0.07092344152991456,0.05086119152619568
2.0294777514882654,0.06092587351549206,1.9100652336712582,2.1488902693052725,0.23882503563401425,1,23,28,0.3630297451781995,0.3630297451781995,0.1478527363516492
1.9724255714757546,0.06889246035018741,1.8373988303830335,2.1074523125684754,0.2700534821854419,1,18,19,0.2188557670407139,0.2188557670407139,0.10401297034600741
2.0231329073409747,0.050163419501413155,1.9248144117768307,2.1214514029051186,0.19663699112828792,1,30,18,0.21363578855934306,0.21363578855934306,0.12364335257369874
1.962810335499217,0.07236262965331346,1.8209821875521124,2.1046384834463217,0.28365629589420926,1,30,29,0.23136212154789468,0.23136212154789468,0.1035497624255235
2.0015715553347686,0.06215815526541245,1.8797438096691115,2.1233993010004255,0.24365549133131403,1,25,20,0.21562974459977288,0.21562974459977288,0.1043916131411327
2.110180794949068,0.06615530292914946,1.980518783821598,2.2398428060765383,0.2593240222549402,1,22,28,0.1802449177910018,0.1802449177910018,0.07402523322721798
2.1788991021973976,0.0758659152212772,2.0302046407095253,2.32759356368527,0.2973889229757445,0,21,22,0.25653885738990595,0.25653885738990595,0.10476309970753657
1.868375642198149,0.07778714170807893,1.715915645990001,2.020835638406297,0.3049199924162962,1,24,17,0.18747366341904084,0.18747366341904084,0.09664637535456759
1.8857988102169783,0.05540931827674821,1.7771985419866347,1.9943990784473218,0.21720053646068704,0,29,26,0.23236450578672194,0.23236450578672194,0.1362658860799969
2.0505823424942236,0.10150753344335425,1.8516312327857543,2.249533452202693,0.3979022194169388,1,35,43,0.15051214186081724,0.15051214186081724,0.0507047041791479
2.0882423731460724,0.08054688718749896,1.9303733751917638,2.246111371100381,0.3157379959086173,1,37,53,0.13137556803777264,0.13137556803777264,0.0469435699878217
1.9930163971539154,0.06527373422396064,1.865082228938513,2.1209505653693177,0.25586833643080475,1,15,19,0.23509251586474048,0.23509251586474048,0.11014980111855795
2.14530995340251,0.07407773181245135,2.0001202669936884,2.2904996398113315,0.29037937281764314,0,19,26,0.23722448585917572,0.23722448585917572,0.07427527811714243
1.9128630834877867,0.06802914886940617,1.779528401804837,2.0461977651707364,0.2666693633658994,1,24,24,0.23194581177589277,0.23194581177589277,0.1161712309827981
1.8917955371952253,0.07596502164207967,1.7429068306919433,2.0406842436985073,0.297777413006564,1,19,19,0.19055794076508897,0.19055794076508897,0.09719531078971604
2.0492826002410633,0.06514641079524357,1.9215979813603346,2.176967219121792,0.2553692377614576,1,27,27,0.24692779841882712,0.24692779841882712,0.11557897932203591
2.0036212977641297,0.06934343973517353,1.867710653319066,2.1395319422091936,0.2718212888901277,1,18,18,0.22812537387043824,0.22812537387043824,0.11558137180561252
2.07744688784808,0.07663037979446494,1.927254103329303,2.2276396723668572,0.3003855690375543,1,24,25,0.21920825457300336,0.21920825457300336,0.09020536160669318
1.9323960312046378,0.060208592513755564,1.814389358317829,2.0504027040914465,0.23601334577361754,1,21,17,0.2570299939386609,0.2570299939386609,0.1140289757266822
1.8720364634110167,0.07412119258611093,1.726761595451082,2.0173113313709514,0.29054973591986943,1,42,49,0.12803331935122525,0.12803331935122525,0.056453103825743915
2.0465029197903353,0.07229331603883299,1.9048106240312508,2.18819521554942,0.2833845915181692,1,23,38,0.16846749635955388,0.16846749635955388,0.06014112766445778
1.9256824474440233,0.07798089756131454,1.7728426967417394,2.078522198146307,0.30567950140456746,1,50,47,0.13134910446076972,0.13134910446076972,0.058988152390363036
1.936840062119496,0.07046637298369149,1.7987285089502945,2.0749516152886978,0.2762231063384033,1,25,23,0.2220229257231021,0.2220229257231021,0.11265666308957077
2.11231221480271,0.08965738336492206,1.9365869724593623,2.288037457146058,0.3514504846866957,1,20,28,0.22946989621985087,0.22946989621985087,0.08179765702083312
1.9812188781692015,0.058805494534069955,1.8659622267893574,2.096475529549046,0.2305133027596884,1,16,18,0.25252854664448265,0.25252854664448265,0.13872976879831556
1.876492059789494,0.06511255509782807,1.7488737968563712,2.004110322722617,0.2552365258662457,1,38,21,0.14582916548175728,0.14582916548175728,0.08469118216818125
2.0409893549451867,0.0648730234487695,1.913840565417376,2.1681381444729975,0.25429757905562145,1,19,22,0.23684614563472653,0.23684614563472653,0.103568208539558
1.9914296413659494,0.07648350622867416,1.8415247237464032,2.1413345589854957,0.29980983523909255,1,22,21,0.2441572744889155,0.2441572744889155,0.11615145060862549
1.930450003051851,0.062112507546613814,1.8087117252710156,2.0521882808326866,0.24347655556167092,1,23,29,0.24102870317056674,0.24102870317056674,0.11398483570794411
1.8928859534007154,0.07504927440713496,1.7457920784968672,2.0399798283045634,0.29418774980769613,1,23,19,0.1775949223253554,0.1775949223253554,0.08935491159010846
1.982071784031085,0.05961664905931737,1.8652252989958593,2.098918269066311,0.23369297007045153,1,23,23,0.24659982209436243,0.24659982209436243,0.10766192328916323
2.050293166310972,0.07376100022049904,1.905724262415143,2.194862070206801,0.289137807791658,1,17,21,0.2381030769993528,0.2381030769993528,0.09684222945534154
2.4535680214906366,0.09477373935459876,2.2678149056754364,2.6393211373058367,0.3715062316304003,0,12,42,0.3069342480514125,0.3069342480514125,0.06798533410422551
1.4784974293992725,0.05739812047790192,1.3659991804822937,1.5909956783162513,0.2249964978339576,0,58,20,0.10254607337286249,0.10254607337286249,0.11406153817506619
1.9628321785915936,0.05724137563880997,1.8506411439139976,2.0750232132691897,0.22438206935519212,1,17,17,0.27295257937381995,0.27295257937381995,0.12893711357835824
2.279353434462721,0.09066804889265373,2.101647324084603,2.4570595448408388,0.3554122207562358,0,15,29,0.23411742178849604,0.23411742178849604,0.06402315321481789
1.9087692901158215,0.06769894243176723,1.7760818011581072,2.0414567790735356,0.2653749779154284,1,19,23,0.28802606773616657,0.28802606773616657,0.1118904096273838
1.9518307761338043,0.06437260463074965,1.8256627894664987,2.07799876280111,0.2523359733346111,1,25,27,0.21904925145676019,0.21904925145676019,0.0894995695190358
1.983171917814178,0.06951702219372799,1.8469210580019995,2.1194227776263563,0.2725017196243569,1,17,23,0.2595759923220429,0.2595759923220429,0.10822221051770432
1.7658201055289613,0.06321018191753208,1.6419304255143734,1.8897097855435492,0.24777936002917578,0,38,22,0.15580997668013263,0.15580997668013263,0.09704501402530487
2.0161088450165456,0.06852315132170456,1.8818059363188164,2.1504117537142746,0.2686058173954582,1,21,22,0.222208714241123,0.222208714241123,0.10460936481112651
2.089722004977974,0.0688588154750272,1.9547612066288313,2.224682803327117,0.2699215966982855,1,19,19,0.27260074978910537,0.27260074978910537,0.12066653447684958
2.0138293981082804,0.07029646148393871,1.8760508653591534,2.1516079308574074,0.275557065498254,1,26,23,0.18904005997229706,0.18904005997229706,0.0880407796700015
1.9944895984605062,0.054483723465612706,1.8877034627242655,2.1012757341967467,0.21357227147248126,1,25,23,0.2098643478854683,0.2098643478854683,0.09381676816093859
1.9984120627994924,0.07883004573427428,1.8439080122606695,2.1529161133383155,0.309008101077646,1,18,15,0.2532785214938692,0.2532785214938692,0.11066684422012428
2.0563227709800085,0.057465646070012845,1.9436921743344575,2.1689533676255595,0.22526119329110195,1,19,20,0.2768944338991009,0.2768944338991009,0.12306057188546579
2.2590436710319777,0.08996481875899551,2.082715866388673,2.4353714756752822,0.3526556092866091,0,14,33,0.2799553462931515,0.2799553462931515,0.06460769923940189
2.082835762402979,0.10962089878721056,1.8679827488271359,2.2976887759788225,0.4297060271516866,1,45,58,0.11792525260230395,0.11792525260230395,0.03924325598839932
1.9229590162237387,0.07677740869625058,1.7724780603527752,2.073439972094702,0.3009619117419269,1,19,21,0.21180967728104985,0.21180967728104985,0.10750290379056834
1.9277600329866968,0.06748256214279084,1.7954966416023408,2.060023424371053,0.26452678276871233,1,30,20,0.21437883637181973,0.21437883637181973,0.10185276835935597
2.4037809568934896,0.07769758588209068,2.2514964868788843,2.556065426908095,0.30456894002921064,0,12,38,0.24211899275374757,0.24211899275374757,0.05780488380147248
2.1741437343618832,0.07865991434577517,2.0199731352171586,2.328314333506608,0.3083411982894493,0,23,25,0.22453043422131508,0.22453043422131508,0.08704100955977088
1.8368742303616643,0.07402432858938374,1.6917892123467135,1.981959248376615,0.29017003602990155,0,42,26,0.13265911265829444,0.13265911265829444,0.07301283258481496
1.8704512439710232,0.07345908263048453,1.7264740876779217,2.0144284002641246,0.28795431258620297,1,34,36,0.13686592494287272,0.13686592494287272,0.06549025306189833
1.8822856885330774,0.06078321089435361,1.7631527843154418,2.001418592750713,0.23826580843527134,1,20,20,0.24859281854514068,0.24859281854514068,0.12569735616995126
2.053420495496065,0.08356922701665832,1.8896278203275632,2.217213170664567,0.32758535033700387,1,28,28,0.1782742829343687,0.1782742829343687,0.07321090153623723
1.995865052115719,0.0789476493801687,1.8411305026664926,2.1505996015649456,0.309469098898453,1,16,17,0.26151996939175154,0.26151996939175154,0.10779622204986689
2.119341731266331,0.07862668987197044,1.9652362508936687,2.2734472116389934,0.3082109607453247,1,29,37,0.17033322528496078,0.17033322528496078,0.06555964695607479
1.9815262011718515,0.06677689803510421,1.8506458860237438,2.1124065163199592,0.26176063029621544,1,20,19,0.2319005946829044,0.2319005946829044,0.11476672648928699
1.5551247658339364,0.06360972622922255,1.4304519933582074,1.6797975383096655,0.2493455449514581,0,69,40,0.08670870959508109,0.08670870959508109,0.06739181759751676
2.0025470189349344,0.07721048322150018,1.85121725259186,2.1538767852780087,0.30265953268614876,1,21,26,0.2580422980118687,0.2580422980118687,0.11321655092163668
1.98378592015701,0.07069338864473082,1.8452294244682448,2.1223424158457753,0.27711299137753054,1,20,18,0.26862643058467045,0.26862643058467045,0.1269794461718083
1.9907746074679706,0.07924066465452732,1.835465758634081,2.1460834563018603,0.31061769766777925,1,23,15,0.23694352851789682,0.23694352851789682,0.11408566823062707
1.8764951499821527,0.06466633330454055,1.7497514656929902,2.003238834271315,0.253487368578325,1,34,25,0.1711224530434874,0.1711224530434874,0.10900861611571872
2.0001428275155146,0.0728838215564433,1.8572931622092417,2.1429924928217874,0.2856993306125457,1,27,23,0.22164288014474312,0.22164288014474312,0.1101532082838764
2.029365467163745,0.07055318400510104,1.8910837675191194,2.1676471668083703,0.2765633992892509,1,13,12,0.2623252605988296,0.2623252605988296,0.11560204908364108
2.1065122743543654,0.07222050652002197,1.9649626826298823,2.2480618660788485,0.28309918344896623,1,26,26,0.23918836401423837,0.23918836401423837,0.1124186168356998
2.034285482767606,0.07692310319753376,1.883518970921382,2.18505199461383,0.30153302369244805,1,35,25,0.17704374531100872,0.17704374531100872,0.0778436158278621
2.074097204864298,0.06952707707592924,1.9378266378451363,2.21036777188346,0.2725411340383237,1,18,16,0.28078053149603066,0.28078053149603066,0.11645346439777661
2.0190452202080884,0.08392106126454241,1.8545629625852058,2.183527477830971,0.3289645152457652,1,13,16,0.22158333395246077,0.22158333395246077,0.11352544705378514
1.8773899273285957,0.061739672538681095,1.756382392735484,1.9983974619217073,0.2420150691862233,0,37,21,0.17109655410903676,0.17109655410903676,0.12240595076905321
2.007077306413546,0.07901464615388708,1.8522114457007508,2.1619431671263407,0.3097317214255899,1,57,59,0.11083726680648251,0.11083726680648251,0.0532420369453589
2.0187428069899993,0.07775362390736032,1.8663485044641006,2.171137109515898,0.3047886050517974,1,14,18,0.20952036563178192,0.20952036563178192,0.09260981244829851
2.0201187206858995,0.07252279064737399,1.8779766629587082,2.1622607784130907,0.2842841154543825,1,16,21,0.27187646826757433,0.27187646826757433,0.1031699564799598
2.0232986073904415,0.07077175598694407,1.8845885145333743,2.162008700247509,0.27742018571413474,1,24,32,0.2282503816334847,0.2282503816334847,0.09349666713999824
2.004215158129104,0.07911991040361441,1.8491429832779838,2.1592873329802242,0.3101443497022405,1,24,30,0.194325683754698,0.194325683754698,0.07520189208541228
1.976724204634365,0.07192694231765372,1.8357499881736736,2.117698421095056,0.2819484329213824,1,23,23,0.24114131207005876,0.24114131207005876,0.11465977754042403
1.9231474687390315,0.06659129013294822,1.7926309383943955,2.0536639990836676,0.2610330606892721,1,37,23,0.17266798354277013,0.17266798354277013,0.0941852239238536
2.015905367131197,0.056791523368387276,1.9045960267019932,2.127214707560401,0.22261868085840764,1,24,26,0.2391502045167837,0.2391502045167837,0.12052088043914222
1.896168712927237,0.05691272554358474,1.7846218205997983,2.007715605254676,0.2230937846548775,1,18,14,0.25324647766619895,0.25324647766619895,0.12225564503644663
2.07570379600248,0.059388438835086536,1.9593045947876502,2.1921029972173094,0.2327984024296592,1,28,30,0.23912067665322673,0.23912067665322673,0.09821025840303768
1.5833881903636593,0.06618189275113681,1.4536740641427386,1.71310231658458,0.2594282524418414,0,51,19,0.12510334862122086,0.12510334862122086,0.11886548712570132
1.902665509943417,0.07904336626162153,1.7477433588538305,2.0575876610330037,0.30984430217917325,1,22,18,0.21627055553965618,0.21627055553965618,0.10252183468272981
2.1379394551710336,0.0928550912129491,1.9559468206124717,2.3199320897295954,0.3639852691171237,1,42,59,0.1160031286642065,0.1160031286642065,0.04438898676443815
1.9771705543364786,0.08910424309202523,1.8025294470064073,2.15181166166655,0.34928221466014264,1,21,26,0.18673037626669228,0.18673037626669228,0.07126236778832251
2.169023438922099,0.07733931439739507,2.0174411681141846,2.320605709730013,0.3031645416158284,0,24,43,0.18502707104623267,0.18502707104623267,0.05741762725102754
2.0465495679772383,0.0918328659420522,1.866560458133721,2.2265386778207557,0.3599782196870347,1,44,45,0.14322013251706442,0.14322013251706442,0.058271558973856385
2.1659757231550936,0.07202492889981833,2.0248094565223917,2.3071419897877954,0.28233253326540364,0,31,32,0.20809397719711126,0.20809397719711126,0.07496108830079112
1.7515592198149608,0.06788261079494083,1.6185117474803268,1.8846066921495948,0.266094944669268,0,33,15,0.1416628617704587,0.1416628617704587,0.10231016093859466
1.9523449156260213,0.07078422104183367,1.813610391710305,2.0910794395417374,0.27746904783143234,1,24,26,0.24449046232865582,0.24449046232865582,0.11500186375030984
1.8859662260703947,0.06417010825645274,1.760195125003711,2.0117373271370784,0.25154220213336753,1,28,20,0.1628714387624606,0.1628714387624606,0.11504870311547766
1.960020639283335,0.08485511327891895,1.7937076733525874,2.1263336052140827,0.33262593186149525,1,21,17,0.24715219866050403,0.24715219866050403,0.10929290602523108
2.0712044833560994,0.06138095117157079,1.950900029723009,2.1915089369891896,0.24060890726618056,1,23,22,0.1958280573519235,0.1958280573519235,0.08600788345266086
2.2604545818736446,0.08705353901810087,2.0898327806714145,2.4310763830758746,0.34124360240446006,0,26,29,0.18159671334353275,0.18159671334353275,0.061151872244660836
2.102953129788882,0.06862175643945752,1.9684569586116658,2.2374493009660985,0.2689923423544327,1,24,26,0.25342407473585055,0.25342407473585055,0.1126807981107606
1.9795218531949916,0.06055233458962954,1.8608414582194988,2.0982022481704843,0.23736078995098553,1,31,18,0.1862630258696769,0.1862630258696769,0.10929974576863967
1.851459659028353,0.07611206640801864,1.7022827500797155,2.0006365679769904,0.2983538178972749,1,24,18,0.17798704468442345,0.17798704468442345,0.118692890065557
2.016701739867935,0.0782413797296919,1.8633514534970168,2.1700520262388534,0.3067005727418366,1,22,25,0.26746157258003944,0.26746157258003944,0.12599117827984668
2.0998475375938668,0.0843611321924388,1.9345027568016642,2.2651923183860694,0.3306895615844052,1,27,33,0.19468452925308466,0.19468452925308466,0.075114313284675
2.0590325032506387,0.07025020855325635,1.9213446245798287,2.1967203819214487,0.27537575734162,1,14,10,0.300734118158367,0.300734118158367,0.12366987722022212
2.0143790800827945,0.06400011428436247,1.8889411610789966,2.1398169990865923,0.2508758380075957,1,22,18,0.21293490647454205,0.21293490647454205,0.10009866808334993
2.040719424480037,0.06928580446385023,1.9049217430910061,2.176517105869068,0.27159536277806207,1,24,29,0.2414752006180958,0.2414752006180958,0.10714792997916532
1.917103353009725,0.07649967823215306,1.7671667388458023,2.0670399671736477,0.29987322832784535,1,15,17,0.24814076546832717,0.24814076546832717,0.11914202193156208
2.0894431421800315,0.06197364444024475,1.9679770310864608,2.210909253273602,0.24293222218714128,1,21,23,0.31296173848284153,0.31296173848284153,0.12006404291542472
1.9358251797071113,0.06965317336788825,1.799307468497126,2.072342890917097,0.2730354224199709,1,21,27,0.19603031583040267,0.19603031583040267,0.08573904587110495
1.9224852503804262,0.06478802554516185,1.795503053682448,2.0494674470784044,0.25396439339595656,1,23,23,0.21709106289123256,0.21709106289123256,0.10355726778043278
2.080395266338721,0.066150916934373,1.9507418516030492,2.210048681074393,0.25930682947134365,1,25,21,0.23514314272681197,0.23514314272681197,0.110639809087534
1.8915480432249638,0.052614631020885004,1.7884252613641654,1.9946708250857623,0.20624556372159697,0,28,21,0.19600173926074743,0.19600173926074743,0.12215813999292972
2.0825965029195608,0.06188693498025592,1.961300339244687,2.2038926665944345,0.24259232734974745,1,25,21,0.24797848948327417,0.24797848948327417,0.11732302539391545
1.9243554093291548,0.06487828189061641,1.7971963134447095,2.0515145052136003,0.2543181917688908,1,20,15,0.22141861456193324,0.22141861456193324,0.11229079724371727
1.8292051261093074,0.06945401873379212,1.6930777508095047,1.96533250140911,0.27225475059960536,0,24,19,0.19690814015381589,0.19690814015381589,0.09519441450934026
2.124507506108771,0.07422360048317866,1.9790319223588508,2.2699830898586906,0.29095116749983974,1,21,25,0.21238004773676097,0.21238004773676097,0.1011850144053854
1.8851899868601065,0.06460041698352083,1.7585754961861362,2.011804477534077,0.2532289813479407,1,51,40,0.12349376489515868,0.12349376489515868,0.06804118305054326
1.7008591381002116,0.0689733540140666,1.56567384833971,1.8360444278607133,0.2703705795210034,0,56,48,0.0917298540906662,0.0917298540906662,0.05359424865691753
1.5839881752490261,0.05959311906084371,1.4671878081633651,1.7007885423346871,0.233600734171322,0,50,23,0.12428745036469509,0.12428745036469509,0.111273380799712
2.6936143344898342,0.11189402080821925,2.474306083620349,2.9129225853593192,0.43861650173897004,0,14,70,0.2444568103619717,0.2444568103619717,0.04364285234738607
1.9109273607403154,0.07169718297966246,1.7704034643071989,2.051451257173432,0.28104779286623316,1,26,30,0.15721314543562157,0.15721314543562157,0.07009680436491172
2.022440315572289,0.0726390645474503,1.8800703651886064,2.164810265955972,0.28473990076736566,1,33,31,0.23045087427760372,0.23045087427760372,0.10078028221663658
2.1281167655069915,0.0591963794865411,2.012093993698205,2.2441395373157778,0.23204554361757257,0,18,25,0.3146078669554597,0.3146078669554597,0.14020797986854422
1.8948967637048018,0.06711984263526775,1.7633442894916809,2.0264492379179226,0.26310494842624177,1,24,26,0.18008977701420667,0.18008977701420667,0.08576517692910034
2.03792074479908,0.07886128401466767,1.883355468355747,2.192486021242413,0.3091305528866659,1,18,18,0.2554210209896163,0.2554210209896163,0.11233615335420079
2.0677611834001226,0.0980515181789522,1.875583739139902,2.2599386276603433,0.3843548885204413,1,23,22,0.22070331296864998,0.22070331296864998,0.07925086763077463
1.9120682256751427,0.07476763798187115,1.7655263480215462,2.058610103328739,0.293083755307193,1,22,23,0.19396591232032678,0.19396591232032678,0.09227275564679431
2.0157370866247013,0.07991035589680369,1.859115667075188,2.1723585061742146,0.3132428390990265,1,22,21,0.21764078748993718,0.21764078748993718,0.08852943929952327
1.9165661967681635,0.06870923570804015,1.7818985693751315,2.0512338241611956,0.2693352547860641,1,25,16,0.19769916594329107,0.19769916594329107,0.11684252110069522
2.282061060938749,0.07115210323626527,2.142605501171393,2.4215166207061047,0.2789111195347118,0,18,32,0.2121334164496282,0.2121334164496282,0.07004614439835873
2.1248057379588365,0.07460181215880977,1.9785888729461472,2.271022602971526,0.29243373002537876,1,41,58,0.15380385634434782,0.15380385634434782,0.04800562709125165
1.9330588557937003,0.08529032515405191,1.7658928902620479,2.1002248213253525,0.3343319310633046,1,23,29,0.18687488634945967,0.18687488634945967,0.07730396596508991
1.9486366480964645,0.06121510847028273,1.8286572401849976,2.0686160560079316,0.239958815822934,1,20,22,0.2385350607069082,0.2385350607069082,0.10404499370949331
2.069191326755579,0.06841359120466076,1.9351031519413977,2.20327950156976,0.26817634962836245,1,26,23,0.22718696078828635,0.22718696078828635,0.13371350939479995
2.232603518712562,0.08216894092373017,2.0715553538542513,2.3936516835708725,0.3220963297166213,0,22,34,0.2666458747661013,0.2666458747661013,0.07232273311967888
2.124345328146718,0.0828656538537485,1.9619316310380084,2.286759025255428,0.3248273942174196,1,15,17,0.25194146489962255,0.25194146489962255,0.10261927316997421
1.7482934807643993,0.07811233795289017,1.5951961116285134,1.9013908499002852,0.3061947382717718,0,66,54,0.08630486041891877,0.08630486041891877,0.05403228804926817
1.9783166226761786,0.0651511076273448,1.85062279817369,2.1060104471786674,0.25538764900497735,1,28,21,0.197137672998048,0.197137672998048,0.09846800468640697
2.0953595092315576,0.0540017946301086,1.9895179366560163,2.201201081807099,0.21168314515108277,1,27,29,0.23959253929364263,0.23959253929364263,0.09248589747651603
1.8375141827832164,0.0739528650998496,1.6925692306339621,1.9824591349324707,0.2898899042985086,0,29,26,0.21863001676817848,0.21863001676817848,0.10965866708938955
1.9625336504271589,0.06850302719900801,1.8282701842851354,2.0967971165691823,0.2685269322840469,1,21,25,0.21140824016168758,0.21140824016168758,0.08052398027705306
2.0512361116759052,0.050187994159880546,1.9528694506662327,2.1496027726855775,0.1967333220193448,1,18,19,0.2988667360445321,0.2988667360445321,0.13222907137254084
2.026855067431327,0.07018322638373373,1.8892984714003878,2.1644116634622663,0.27511319206187856,1,27,23,0.29363309260187115,0.29363309260187115,0.12169373471159776
1.9916668314707917,0.06643750408625418,1.8614517162390007,2.1218819467025827,0.26043023046358194,1,23,27,0.21210933993164338,0.21210933993164338,0.10238912661003506
1.85998240372416,0.10055714478385008,1.662894021559634,2.0570707858886856,0.3941767643290517,1,39,25,0.14609544812888547,0.14609544812888547,0.07454961133689478
2.0875305537920954,0.06971806396800724,1.9508856593429416,2.2241754482412492,0.2732897888983077,1,24,20,0.23036109784492964,0.23036109784492964,0.10397167781492729
2.0623936302204093,0.0704560518670043,1.924302306068195,2.200484954372624,0.27618264830442896,1,19,17,0.29976367153477823,0.29976367153477823,0.12108496935653972
1.956793381506877,0.06620754169649024,1.8270289842768221,2.086557778736932,0.2595287944601097,1,21,26,0.23929052035218312,0.23929052035218312,0.09760634504159746
2.279466754957432,0.06736126156334984,2.147441108340084,2.4114924015747796,0.26405129323469545,0,19,37,0.27450947457175784,0.27450947457175784,0.0799482507187208
1.8151796014483446,0.06899651220206426,1.6799489224734203,1.9504102804232688,0.2704613579498485,0,30,18,0.1548795427776253,0.1548795427776253,0.10266999532391842
1.9906104459907805,0.061051327614408915,1.8709520426581834,2.1102688493233774,0.23931680666519406,1,21,21,0.20428560427640682,0.20428560427640682,0.09720426869457233
1.9087015241298526,0.07469604000816873,1.762299975926079,2.055103072333626,0.2928030964075472,1,26,20,0.18436997857642243,0.18436997857642243,0.12378536716698918
1.9258797402586336,0.0645618094628324,1.799340918934745,2.0524185615825226,0.25307764264777766,1,23,18,0.1798503710797958,0.1798503710797958,0.11353056591784774
2.127203648890415,0.0724286133070101,1.9852461753584967,2.269161122422333,0.28391494706383646,1,29,39,0.19375274140253324,0.19375274140253324,0.06945516612804424
2.0088229918813107,0.06626775727505314,1.8789405742859644,2.138705409476657,0.2597648351906925,1,20,21,0.20969568251019627,0.20969568251019627,0.09945991165532722
1.8191423862976386,0.07186028929752152,1.6782988073558673,1.9599859652394098,0.2816871578835425,0,27,24,0.1514732920577541,0.1514732920577541,0.08249416307559754
2.0234416299144615,0.07883380119053196,1.8689302188166281,2.177953041012295,0.3090228221956668,1,32,43,0.1515571800565986,0.1515571800565986,0.06144867464679798
1.6909173856363684,0.06565088887712942,1.5622440078841535,1.8195907633885833,0.25734675550442976,0,37,16,0.14817313127408596,0.14817313127408596,0.12424915775835961
2.0932804771639204,0.08068653466036889,1.9351377751922547,2.2514231791355863,0.3162854039433316,1,13,17,0.22162984184644166,0.22162984184644166,0.07920047287886854
2.071082816932435,0.06176640001954285,1.9500228974394371,2.192142736425433,0.24211983898599598,1,20,16,0.276181592720582,0.276181592720582,0.11315540459520813
1.8895334469416523,0.07415089082510504,1.7442003715028849,2.03486652238042,0.290666150877535,1,22,24,0.22672522264268452,0.22672522264268452,0.13983308264511338
1.9144422658431255,0.07337090669588787,1.7706379312061364,2.0582466004801145,0.2876086692739781,1,29,29,0.22430408073999172,0.22430408073999172,0.10396632376546647
2.1074086978348117,0.07661186210218042,1.957252207325989,2.2575651883436345,0.3003129810176455,1,21,29,0.2342519365529812,0.2342519365529812,0.08015304183918148
1.586994910467888,0.06768536054447648,1.4543340415201058,1.7196557794156702,0.26532173789556435,0,53,21,0.11172008271118396,0.11172008271118396,0.10585597727171357
2.0698791333873516,0.061856506602272474,1.9486426082374335,2.19111565853727,0.24247305029983646,1,17,18,0.2553573705270537,0.2553573705270537,0.10979036270127114
1.969723454309212,0.06050708623010103,1.8511317444887545,2.0883151641296696,0.23718341964091505,1,24,23,0.23938932485776263,0.23938932485776263,0.11365790871912006
2.1692390357798876,0.08014482398117105,2.0121580672294903,2.326320004330285,0.31416193710079465,0,29,44,0.16110610686210794,0.16110610686210794,0.053146873771173275
1.4210813884903373,0.0679581020135685,1.287885956086044,1.5542768208946305,0.2663908648085864,0,73,18,0.08057012686598956,0.08057012686598956,0.08213471026583209
2.155808293271241,0.07269181421680265,2.013334955435431,2.298281631107051,0.2849466756716197,0,23,24,0.2402986429081878,0.2402986429081878,0.10462007897729916
2.020551993002596,0.0779341427209041,1.8678038801036194,2.173300105901572,0.30549622579795277,1,14,18,0.31079275434931614,0.31079275434931614,0.1268916424649499
2.011312699137902,0.074092244225571,1.866094568922037,2.156530829353767,0.2904362604317301,1,26,25,0.2594123139532387,0.2594123139532387,0.11397690171223541
1.8725336954929894,0.08415546152553091,1.7075920218006027,2.037475369185376,0.32988334738477354,1,22,24,0.19462164278498598,0.19462164278498598,0.09196515955476055
2.1115896443351083,0.10342040573185429,1.9088893738341541,2.3142899148360625,0.40540054100190837,1,28,32,0.1633977247653031,0.1633977247653031,0.061887204028926716
1.970237505494985,0.06489577539626322,1.8430441229695085,2.0974308880204613,0.2543867650509528,1,45,42,0.13979229787091185,0.13979229787091185,0.07012864132966277
1.9873217796448337,0.07044280177988349,1.849256425186168,2.1253871341034993,0.27613070891733127,1,23,26,0.3072589869480734,0.3072589869480734,0.11876719446197355
2.077681868562698,0.06731920766679013,1.9457386460680166,2.2096250910573794,0.26388644498936276,1,23,34,0.20242704344437162,0.20242704344437162,0.07218107354936235
2.05327413607514,0.066523340497711,1.9228907845683316,2.1836574875819483,0.2607667030136167,1,25,24,0.20656711404295205,0.20656711404295205,0.1190788723648486
1.9759118921591305,0.06739140370110454,1.8438271680373663,2.1079966162808947,0.2641694482435284,1,13,16,0.23594411362629508,0.23594411362629508,0.11281423411305351
1.53389772833017,0.05597441468357414,1.4241898914946547,1.6436055651656853,0.21941567367103065,0,56,23,0.11025507128073088,0.11025507128073088,0.1099718054236641
1.817284770268221,0.07350548305905434,1.6732166708062555,1.9613528697301867,0.2881361989239313,0,36,24,0.15178257081183058,0.15178257081183058,0.1084509875140571
2.1305162803158324,0.060617616792496574,2.011707934573889,2.249324626057776,0.2376166914838871,0,21,28,0.24718454851716393,0.24718454851716393,0.08278438400885411
2.476890149087679,0.09039341005072936,2.2997223209484887,2.6540579772268695,0.3543356562783808,0,27,60,0.22866075166992558,0.22866075166992558,0.05396292097171662
1.9618146680011537,0.07762866065064053,1.8096652889578166,2.1139640470444907,0.30429875808667406,1,15,11,0.20599383878931227,0.20599383878931227,0.10459220597303372
2.1734848148826638,0.0653540300368571,2.0453932697658748,2.3015763599994528,0.256183090233578,0,23,29,0.24649349418080702,0.24649349418080702,0.1089701855727768
2.028297134982835,0.06752282595318086,1.895954827980234,2.160639441985436,0.26468461400520193,1,17,15,0.2572561632957525,0.2572561632957525,0.1200341642917457
1.8890476593275016,0.06913535103599311,1.7535448612384212,2.024550457416582,0.2710055961781608,1,25,27,0.2237712020311841,0.2237712020311841,0.09779450139513315
2.0235121598839085,0.07469480176674932,1.8771130385887211,2.169911281179096,0.2927982425903748,1,22,22,0.22330843447886178,0.22330843447886178,0.1126426128785216
2.0582487866935897,0.07484343899339851,1.9115583417874078,2.2049392315997713,0.29338088981236354,1,18,24,0.23758803621165975,0.23758803621165975,0.0910653365024537
1.9146236906312093,0.07780501955199597,1.7621286544928625,2.0671187267695563,0.30499007227669384,1,21,23,0.16793546991337424,0.16793546991337424,0.07827604539327747
2.024486714375399,0.07696864637061804,1.873630939550188,2.17534248920061,0.3017115496504219,1,28,38,0.1406347083071548,0.1406347083071548,0.058337510344926236
1.9567387871108575,0.06946913110785667,1.8205817921021672,2.0928957821195477,0.27231399001738055,1,29,21,0.18933888900032345,0.18933888900032345,0.10447440061130193
2.054645550000152,0.061630785998359215,1.9338514291044724,2.1754396708958312,0.24158824179135885,1,25,21,0.2570014666747593,0.2570014666747593,0.12173433656748288
1.9760872009392663,0.07063226699202327,1.8376505014884834,2.114523900390049,0.2768733989015655,1,30,20,0.16697927834136558,0.16697927834136558,0.08939535620863694
1.9039779585762933,0.08175558534867004,1.7437399557579094,2.064215961394677,0.3204760056367677,1,54,54,0.11026236911161837,0.11026236911161837,0.05146990120780752
2.1189575872819058,0.0967440787690851,1.9293426771769928,2.3085724973868187,0.3792298202098259,1,30,32,0.1671640893447689,0.1671640893447689,0.06889864760502544
2.177447270442284,0.06928885380865898,2.0416436124472517,2.3132509284373164,0.2716073159900647,0,28,37,0.17372559037599802,0.17372559037599802,0.0660155463744126
1.948200356119686,0.06785999833442087,1.8151972033932728,2.081203508846099,0.2660063054528261,1,23,24,0.29220193055621924,0.29220193055621924,0.12915919411741486
1.957392967885235,0.0791051671157067,1.8023496893474278,2.1124362464230426,0.31008655707561483,1,19,26,0.2315446573606007,0.2315446573606007,0.10797807018847268
2.1344543763050794,0.08297239349644087,1.9718314733409699,2.297077279269189,0.32524580592821906,1,17,20,0.2748118907169879,0.2748118907169879,0.11523389763550473
1.9344224318936445,0.0668075226243645,1.8034820936535452,2.065362770133744,0.26188067648019864,1,22,22,0.20283975898099987,0.20283975898099987,0.11170761369814404
2.0341989699553396,0.0814533389827505,1.874553359128616,2.193844580782063,0.3192912216534467,1,31,29,0.20994391957642078,0.20994391957642078,0.10552673585924377
1.9784905650159037,0.08086528709816028,1.819997514704018,2.1369836153277895,0.3169861006237715,1,30,39,0.1495404448479377,0.1495404448479377,0.06248145683384757
2.2195042865281325,0.08170131763707447,2.0593726464699995,2.3796359265862654,0.3202632801162659,0,23,41,0.2057444946348129,0.2057444946348129,0.06009406918777758
2.0566369351424463,0.07067924101819821,1.9181081682921517,2.1951657019927406,0.27705753370058894,1,22,28,0.2237069219331422,0.2237069219331422,0.0871314876511749
1.9498785562246277,0.07730225903122084,1.7983689125998488,2.101388199849407,0.30301928724955807,1,36,37,0.16969815383047124,0.16969815383047124,0.07537613547750377
1.865105316503373,0.0692761914712162,1.7293264762336884,2.0008841567730578,0.27155768053936935,1,25,17,0.1628730738317482,0.1628730738317482,0.08998331318747538
2.121201173607526,0.08318962820735713,1.9581524984338285,2.284249848781223,0.3260973503473945,1,23,37,0.21243302705466388,0.21243302705466388,0.07174483294699886
2.047270784212766,0.07499518539659257,1.9002829218215402,2.1942586466039917,0.2939757247824515,1,21,20,0.2671547078844329,0.2671547078844329,0.11663455941592943
1.9010895299021664,0.0649202527162613,1.7738481727110555,2.028330887093277,0.2544827143822215,1,20,21,0.2630694962952719,0.2630694962952719,0.13533331598072018
2.0149144597125113,0.06466159635576417,1.888180059672347,2.1416488597526753,0.25346880008032824,1,18,18,0.27302199424707985,0.27302199424707985,0.11322966884961605
1.9870744183072482,0.06683860605953576,1.8560731576536975,2.118075678960799,0.26200252130710133,1,18,18,0.25097313483347566,0.25097313483347566,0.11002134864221319
1.970507977993671,0.06505199925113224,1.843008402339125,2.0980075536482166,0.25499915130909145,1,27,19,0.2740727477685621,0.2740727477685621,0.11106540624502594
2.0385813515452336,0.0665349612472882,1.9081752237877805,2.1689874793026864,0.26081225551490594,1,25,26,0.2492830545065692,0.2492830545065692,0.11273129081876353
2.161390797079841,0.07980213542758868,2.0049814857523796,2.3178001084073028,0.3128186226549232,0,23,36,0.23350326135733526,0.23350326135733526,0.06354314294340717
1.0151954301387485,0.046970735825247384,0.9231344795939184,1.1072563806835787,0.1841219010896603,0,112,45,0.043207694429069944,0.043207694429069944,0.06813464013768701
1.9850944265218455,0.07473658865547204,1.8386134044297355,2.1315754486139555,0.29296204418422,1,15,20,0.2450948412225837,0.2450948412225837,0.10018360368727405
2.078054893760931,0.06836465850407128,1.9440626252775712,2.2120471622442905,0.2679845369667193,1,16,19,0.24532525164909555,0.24532525164909555,0.09510849588986384
2.0267574250091274,0.0770856966919295,1.875672235769767,2.1778426142484877,0.30217037847872064,1,21,28,0.23746245646479033,0.23746245646479033,0.08352630011314954
2.0319982852383913,0.07085680356299229,1.8931215021952972,2.1708750682814855,0.2777535660861883,1,22,21,0.24352855534265574,0.24352855534265574,0.11391831990989092
1.8334198343914943,0.06348661979662278,1.708988346089926,1.9578513226930625,0.2488629766031365,0,38,32,0.13341947366942872,0.13341947366942872,0.07312276853208785
2.310305438593007,0.08282504691936028,2.1479713296132203,2.4726395475727934,0.324668217959573,0,30,47,0.22467097307504494,0.22467097307504494,0.057462665700453455
2.1292975249465953,0.061647337222202996,2.008470964248282,2.2501240856449085,0.24165312139662642,0,26,22,0.352958798388458,0.352958798388458,0.1456039430365514
2.065846307030366,0.07547157638740214,1.9179247354545943,2.213767878606138,0.2958431431515436,1,21,24,0.24415743479301727,0.24415743479301727,0.08697824278327346
2.078395794179114,0.06873528111705252,1.943677118722455,2.213114469635773,0.2694373509133179,1,20,24,0.24882660066458828,0.24882660066458828,0.10406152301451091
1.988843823372318,0.07246021222645627,1.8468244170963348,2.130863229648301,0.28403881255196617,1,21,21,0.22728893021657692,0.22728893021657692,0.1054320848828014
2.4318764181612686,0.08116552828632559,2.2727949059339037,2.5909579303886336,0.31816302445473,0,26,48,0.2061992348061161,0.2061992348061161,0.055087252375391194
2.0304748358329405,0.07632582673370834,1.8808789643446278,2.1800707073212533,0.29919174297662554,1,18,13,0.24392027847330036,0.24392027847330036,0.1061285117560613
1.9856015232458246,0.05808657837343813,1.8717539216487227,2.0994491248429266,0.2276952031942039,1,28,30,0.23937731250665006,0.23937731250665006,0.11451812059310237
2.0971650054923567,0.07841867264180905,1.9434672313989745,2.2508627795857388,0.3073955481867643,1,47,55,0.12816498377246416,0.12816498377246416,0.051835251366617006
1.8248082641463175,0.06684214456716667,1.6938000681452512,1.9558164601473838,0.26201639200213256,0,36,26,0.14418268558462763,0.14418268558462763,0.08376503776059459
1.9698485771695944,0.07730940312609709,1.8183249313761558,2.121372222963033,0.30304729158687715,1,17,17,0.2244904745753447,0.2244904745753447,0.10022887612632136
1.9291820013903285,0.07189643517224036,1.7882675778359185,2.0700964249447384,0.28182884710881995,1,24,28,0.2134693608935468,0.2134693608935468,0.08283341348119792
1.9275306099073886,0.06916028500651313,1.7919789421340973,2.06308227768068,0.2711033355465826,1,15,16,0.23645314064009207,0.23645314064009207,0.12157233430143279
2.1399517810101973,0.06663551178437256,2.0093485778214326,2.270554984198962,0.26120640637752945,0,24,26,0.25567926929671136,0.25567926929671136,0.08436819655387455
2.0010138929217915,0.06410068688377232,1.8753788552453188,2.1266489305982645,0.25127007535294577,1,23,16,0.2659333755088075,0.2659333755088075,0.10776818467858212
2.087973654737046,0.057387956049898416,1.9754953277328777,2.2004519817412147,0.22495665400833698,1,20,17,0.27063210399458604,0.27063210399458604,0.11913872346919324
1.9213087692086979,0.07207343424303136,1.7800474338502406,2.0625701045671554,0.28252267071691484,1,25,28,0.19741164180842571,0.19741164180842571,0.11505656671321271
1.918338639369797,0.06852199852522044,1.7840379901116583,2.052639288627936,0.26860129851627756,1,19,18,0.211298233897912,0.211298233897912,0.10188251182645072
1.888333094257877,0.06396253769536157,1.7629688240151828,2.0136973645005716,0.25072854048538873,1,14,14,0.25706986642285273,0.25706986642285273,0.11200992208920647
1.9561464237825033,0.06316072627944701,1.8323536750373945,2.0799391725276117,0.2475854974902172,1,20,17,0.28880345863026585,0.28880345863026585,0.1341278967984776
1.913890150896238,0.07153161676859873,1.773690758273863,2.054089543518613,0.28039878524475004,1,34,30,0.1530386014547967,0.1530386014547967,0.06766492504373486
1.9920073551066046,0.06318168446378733,1.8681735290750077,2.115841181138202,0.2476676520631942,1,23,21,0.23349916424026562,0.23349916424026562,0.10148795368438734
1.832385931800457,0.08462276463701653,1.6665283608396948,1.998243502761219,0.3317151419215243,0,21,16,0.18341669855976578,0.18341669855976578,0.1065980348225509
1.9878601634986266,0.0790421996747247,1.8329402988773427,2.1427800281199105,0.30983972924256786,1,33,29,0.18067636047692331,0.18067636047692331,0.09177165337471294
1.7905666902287782,0.07106777920732125,1.6512764025211841,1.9298569779363723,0.2785805754151882,0,29,16,0.16884488875305803,0.16884488875305803,0.12410810172508123
2.0037316952695448,0.0756212110090862,1.855516845224432,2.1519465453146576,0.2964297000902256,1,19,19,0.2366310461260905,0.2366310461260905,0.11145040308259488
1.6896062163956365,0.09112268862539093,1.5110090285154125,1.8682034042758604,0.3571943757604479,0,28,23,0.14787228741883776,0.14787228741883776,0.0919957959561686
1.9893812223218967,0.06911173632126077,1.8539247082231969,2.124837736420597,0.27091302819739993,1,25,26,0.19733649366455658,0.19733649366455658,0.09933134687482782
2.300581573134153,0.11551467191351869,2.0741769764976956,2.52698616977061,0.45280919327291436,0,22,58,0.1956120939994529,0.1956120939994529,0.046109936673114485
1.9132466438062368,0.06116301285412654,1.7933693414261884,2.033123946186285,0.2397546047600967,1,21,20,0.26955920177386195,0.26955920177386195,0.12635607408546246
2.2421355730882584,0.08611234907238417,2.073358470282244,2.4109126758942727,0.33755420561202865,0,23,46,0.24489152093398198,0.24489152093398198,0.05719968328002508
2.21027170416463,0.08320783879430334,2.0471873368963807,2.373356071432879,0.3261687345364983,0,21,44,0.251770620115844,0.251770620115844,0.058456083524327275
2.0669406751241217,0.06584932411008507,1.93787837146205,2.1960029787861934,0.25812460732414344,1,33,26,0.17210796509084608,0.17210796509084608,0.09474574508613397
2.10944720084934,0.06826877685007375,1.9756428569545939,2.2432515447440866,0.26760868778949276,1,26,26,0.23703587510372723,0.23703587510372723,0.09918243369118004
1.9453977034002432,0.06776091313154103,1.8125887541028756,2.078206652697611,0.2656178985947353,1,21,24,0.2595736423840089,0.2595736423840089,0.09948123549529554
2.2032891671877524,0.07957166043973705,2.0473315785358173,2.3592467558396875,0.3119151773038702,0,28,41,0.22747763436851617,0.22747763436851617,0.07011619643191112
2.846863410383744,0.14907305600268367,2.554685589553161,3.1390412312143265,0.5843556416611655,0,16,83,0.2812862543638634,0.2812862543638634,0.03305951765822802
1.9713656197584386,0.07046398017234481,1.8332587564132983,2.1094724831035787,0.27621372669028044,1,27,24,0.214110970579372,0.214110970579372,0.09442732306162245
1.6653598403265584,0.06970994763841785,1.5287308535910864,1.8019888270620303,0.27325797347094394,0,37,28,0.13709854938535987,0.13709854938535987,0.09185176416788998
2.0949124098187606,0.06859089137660142,1.9604767330531228,2.229348086584398,0.26887135353127545,1,30,27,0.18461874111513138,0.18461874111513138,0.08070001272552133
2.0001285577408474,0.057958174712169894,1.8865326226953143,2.1137244927863805,0.22719187009106623,1,13,18,0.2543963016418101,0.2543963016418101,0.11068023457488974
1.9437886175196055,0.0746615147050504,1.797454737666499,2.090122497372712,0.29266775970621284,1,23,20,0.23046340472557345,0.23046340472557345,0.10797251007983821
2.0715756724820826,0.06076925315082628,1.952470124939066,2.190681220025099,0.23821109508603322,1,19,22,0.26642065999046494,0.26642065999046494,0.11844054858225624
1.9745729399433465,0.07498839894025762,1.82759837876212,2.121547501124573,0.2939491223624531,1,28,23,0.20250098199817795,0.20250098199817795,0.07819011741965648
2.018023304318811,0.07065879553617067,1.879534609876937,2.156511998760685,0.2769773888837479,1,26,36,0.18705642287611263,0.18705642287611263,0.07738318541326751
2.0713565134336176,0.05456751601996647,1.964406147308671,2.1783068795585643,0.21390073224989337,1,19,22,0.25611178368350324,0.25611178368350324,0.11247880273660789
1.9952052355070342,0.06951918672621048,1.8589501332891467,2.131460337724922,0.2725102044357752,1,21,20,0.24498613250791285,0.24498613250791285,0.12427014870582896
2.042702407663934,0.08153974408771134,1.8828874459434068,2.202517369384461,0.31962992344105423,1,31,31,0.15235494029780858,0.15235494029780858,0.06273152832747604
1.9692564947022553,0.07477929236583547,1.8226917748758267,2.1158212145286837,0.293129439652857,1,24,30,0.18791692069810065,0.18791692069810065,0.083305840650705
2.0410018599393362,0.06894910001749387,1.9058641071385982,2.1761396127400743,0.27027550560147606,1,26,28,0.17862941676464977,0.17862941676464977,0.0780147688869611
1.9784041913059136,0.07251541197827467,1.836276595504411,2.1205317871074163,0.2842551916030054,1,32,31,0.17162847784465002,0.17162847784465002,0.08061794565395981
1.9443657713692495,0.07868680988391544,1.7901424579384249,2.098589084800074,0.30844662686164925,1,24,24,0.19042094912493374,0.19042094912493374,0.10196392566081841
2.1712952032167765,0.08093969535476171,2.0126563154017996,2.3299340910317534,0.31727777562995385,0,37,53,0.14759266349418965,0.14759266349418965,0.05389587638678541
2.0625411974808356,0.0743122939963138,1.9168917776395085,2.208190617322163,0.29129883968265435,1,22,26,0.2599015591298963,0.2599015591298963,0.1068692141288499
2.088710937288901,0.07063549487254549,1.9502679113085482,2.2271539632692536,0.2768860519607055,1,22,28,0.20778699343040746,0.20778699343040746,0.0800823253858986
2.065181063604184,0.07456955987665849,1.9190274119029302,2.211334715305438,0.29230730340250766,1,24,26,0.22293164144855318,0.22293164144855318,0.10482895038467945
2.0244124530719967,0.06317629535329537,1.9005891895028726,2.148235716641121,0.2476465271382482,1,24,20,0.2316703516903186,0.2316703516903186,0.10895331634934721
1.8060055362718082,0.060085252002989184,1.6882406063439361,1.9237704661996802,0.23552985985574404,0,24,24,0.22502701401672903,0.22502701401672903,0.11453277206023905
2.1256307415019338,0.06357408974880811,2.0010278152443526,2.250233667759515,0.24920585251516236,0,17,13,0.30495619617557984,0.30495619617557984,0.1238287490508297
2.0270859773700796,0.0883197012035031,1.8539825438858746,2.2001894108542843,0.34620686696840974,1,43,49,0.14846166278139106,0.14846166278139106,0.06124664396332564
2.0224018323711257,0.06632437518150978,1.8924084457182444,2.152395219024007,0.2599867733057628,1,32,33,0.23745597648246658,0.23745597648246658,0.10417025357930305
2.3295660977256323,0.10972466245762681,2.1145097110928694,2.544622484358395,0.43011277326552566,0,24,49,0.21185634347832275,0.21185634347832275,0.050437351949117505
1.8605457277771618,0.07353456675108003,1.7164206253262884,2.004670830228035,0.2882502049017468,1,33,31,0.14653855525743234,0.14653855525743234,0.07988550378972073
2.074782573577446,0.059358962009442205,1.9584411458792579,2.191124001275634,0.23268285539637623,1,22,17,0.26828149788423744,0.26828149788423744,0.12620324393420038
2.074573858753796,0.0720776306382788,1.933304298611789,2.2158434188958034,0.2825391202840144,1,20,17,0.2274862739166765,0.2274862739166765,0.09258547734319876
2.0758899717086123,0.07531111323812201,1.9282829021262755,2.2234970412909494,0.29521413916467387,1,28,30,0.2367186422953011,0.2367186422953011,0.07785856002367682
2.095601553240338,0.08546834501755261,1.9280866751876913,2.263116431292984,0.33502975610529284,1,24,25,0.26737760864643767,0.26737760864643767,0.10113471122767743
1.6774982986926834,0.05804830612725579,1.5637257093197063,1.7912708880656605,0.22754517874595415,0,41,26,0.1305016015609223,0.1305016015609223,0.10224689581997112
2.034006974058059,0.05866048926098048,1.9190345277910386,2.1489794203250794,0.22994489253404082,1,26,22,0.18437076872637104,0.18437076872637104,0.12198155020848096
2.0099449382700225,0.08481587500832877,1.8437088779364472,2.1761809986035976,0.3324721206671504,1,29,31,0.16193398693842315,0.16193398693842315,0.07026972604143887
1.9017832815865698,0.06466132722711719,1.7750494090288609,2.0285171541442786,0.2534677451154177,1,20,27,0.20289920589949506,0.20289920589949506,0.09596530839370007
2.0233699910501817,0.06520420350149202,1.8955721005466368,2.1511678815537265,0.2555957810070897,1,31,26,0.18985536509412043,0.18985536509412043,0.09653426879279614
2.013898231459768,0.07923194113931827,1.8586064804015068,2.1691899825180294,0.31058350211652264,1,25,30,0.21060607274241955,0.21060607274241955,0.08781867590476931
2.01308076998646,0.06591134545425428,1.8838969067235438,2.142264633249376,0.2583677265258322,1,26,23,0.24224661339459377,0.24224661339459377,0.10753298523299099
1.9679014205731062,0.06374962570776135,1.8429544501579853,2.092848390988227,0.24989394083024186,1,23,19,0.20975391700672888,0.20975391700672888,0.11234425460557768
2.0899588530214572,0.07467713477708153,1.943594358389734,2.2363233476531805,0.2927289892634466,1,11,18,0.23640552812363438,0.23640552812363438,0.09120029234231815
2.030023884179503,0.07766570097207465,1.877801907440179,2.1822458609188264,0.3044439534786474,1,21,23,0.236579313650783,0.236579313650783,0.07797115790129956
1.8760339935657657,0.07320496261211652,1.7325549033564163,2.019513083775115,0.2869581804186989,1,40,22,0.1547515672418733,0.1547515672418733,0.10442041062721136
1.9847476257145154,0.06588457427659732,1.8556162329956305,2.1138790184334,0.2582627854377695,1,14,13,0.24335623387468228,0.24335623387468228,0.10866092254961553
2.100845802961642,0.0787275241710115,1.946542690994453,2.255148914928831,0.3086062239343781,1,18,37,0.21686135141942864,0.21686135141942864,0.06718983666523327
